{"version":1,"index":0,"parentId":"8F2E376A-3816-40E7-A769-4DBF3AB1A5C8","color":{"r":0.81176470588235294,"b":0.81176470588235294,"g":0.81176470588235294,"a":1}}